{
  "mode": "corner",
  "px_per_um_x": 0.5454117250780656,
  "px_per_um_y": -0.4625814762673606,
  "xmin_um": -2119.0174788135596,
  "ymax_um": 545.0868339906513,
  "clicked_px": {
    "P1": [
      777.8430107526882,
      793.9716845878136
    ],
    "P2": [
      391.78422939068105,
      450.4448028673835
    ]
  },
  "clicked_um": {
    "P1": [
      -692.86,
      2261.48
    ],
    "P2": [
      -1400.69,
      1518.85
    ]
  }
}