{
  "timestamp": "2025-10-16T16:15:51",
  "panel": {
    "W": 1272,
    "H": 1024
  },
  "sx": 0.23287026351073764,
  "sy": 0.11462148094451266
}