{
  "angle_deg": 0.03,
  "center_u_um": -1921.853692,
  "center_v_um": 902.950506,
  "shift_x_factor": 33.333333333333336,
  "shift_y_factor": 33.333333333333336,
  "chip_inverted": false,
  "coupx_move_um": 15.0,
  "coupy_move_um": 15.0,
  "center_from_label_dU_um": -85.0,
  "center_from_label_dV_um": 100.0,
  "uz_override": null,
  "vz_override": null,
  "coupon_labels": {
    "B5": {
      "u_um": -1381.3674389999999,
      "v_um": -4185.000196
    },
    "L7": {
      "u_um": -4095.621405,
      "v_um": -4798.919779
    },
    "L5": {
      "u_um": -4117.434574,
      "v_um": -5803.020609
    },
    "B4": {
      "u_um": -1886.421154,
      "v_um": -4170.298348
    },
    "L8": {
      "u_um": -4081.272708,
      "v_um": -4302.715974
    },
    "b5 new": {
      "u_um": -2676.5087289999997,
      "v_um": -4243.513027999999
    },
    "b6 qt20 dil10 after": {
      "u_um": -2284.116463,
      "v_um": -4153.649588
    }
  },
  "chip_name": "MDM4.2",
  "coup_next_seq": [
    "QT20_dil10",
    "QT20_dil5",
    "QT20",
    "QT18_dil10",
    "QT18_dil5",
    "QT18",
    "QT17_dil10",
    "QT17_dil5",
    "QT17",
    "QT14_dil10",
    "QT14_dil5",
    "QT14",
    "QT10_dil10",
    "QT10_dil5",
    "QT10"
  ],
  "coup_next_moves": {
    "QT20_dil10": {
      "dx": 1.0,
      "dy": 0.0
    },
    "QT20_dil5": {
      "dx": 1.0,
      "dy": 0.0
    },
    "QT20": {
      "dx": 1.0,
      "dy": 0.0
    },
    "QT18_dil10": {
      "dx": 1.0,
      "dy": 0.0
    },
    "QT18_dil5": {
      "dx": 1.0,
      "dy": 0.0
    },
    "QT18": {
      "dx": 1.0,
      "dy": 0.0
    },
    "QT17_dil10": {
      "dx": 1.0,
      "dy": 0.0
    },
    "QT17_dil5": {
      "dx": 1.0,
      "dy": 0.0
    },
    "QT17": {
      "dx": 1.0,
      "dy": 0.0
    },
    "QT14_dil10": {
      "dx": 1.0,
      "dy": 0.0
    },
    "QT14_dil5": {
      "dx": 1.0,
      "dy": 0.0
    },
    "QT14": {
      "dx": 1.0,
      "dy": 0.0
    },
    "QT10_dil10": {
      "dx": 1.0,
      "dy": 0.0
    },
    "QT10_dil5": {
      "dx": 1.0,
      "dy": 0.0
    },
    "QT10": {
      "dx": 1.0,
      "dy": 0.0
    }
  },
  "coup_seq_label": "QT17",
  "coup_seq_idx": 8,
  "kabs_presets": {
    "upwards": {
      "ch1_v": 0.2728,
      "ch2_v": 0.1984
    },
    "white": {
      "ch1_v": 0.3189,
      "ch2_v": 0.1848
    },
    "left": {
      "ch1_v": 0.26662,
      "ch2_v": 0.05953
    },
    "left1": {
      "ch1_v": 0.29117,
      "ch2_v": 0.03344
    },
    "green": {
      "ch1_v": 0.38992,
      "ch2_v": 0.0733
    },
    "green1": {
      "ch1_v": 0.3756,
      "ch2_v": 0.06706
    }
  }
}