{
  "angle_deg": -0.7,
  "center_u_um": -263.800344,
  "center_v_um": 3977.5383939999997,
  "shift_x_factor": 5.904761904761905,
  "shift_y_factor": 5.904761904761905,
  "chip_inverted": false,
  "coupx_move_um": 52.5,
  "coupy_move_um": 52.5,
  "coupon_labels": {
    "260l": {
      "u_um": -588.9492789999999,
      "v_um": 2737.631268
    },
    "270l": {
      "u_um": -585.1620087410734,
      "v_um": 3047.6081325947403
    },
    "280l": {
      "u_um": -581.3747384821467,
      "v_um": 3357.5849971894804
    },
    "290l": {
      "u_um": -577.5874682232201,
      "v_um": 3667.56186178422
    },
    "300l": {
      "u_um": -573.8001979642935,
      "v_um": 3977.5387263789607
    },
    "260b": {
      "u_um": -1908.856536,
      "v_um": 2687.780545
    },
    "270b": {
      "u_um": -1598.8796714052598,
      "v_um": 2683.9932747410735
    },
    "280b": {
      "u_um": -1288.90280681052,
      "v_um": 2680.206004482147
    },
    "290b": {
      "u_um": -978.9259422157797,
      "v_um": 2676.4187342232203
    },
    "300b": {
      "u_um": -668.9490776210396,
      "v_um": 2672.6314639642937
    },
    "260r": {
      "u_um": -1863.8569739999998,
      "v_um": 2757.780534
    },
    "270r": {
      "u_um": -1860.0697037410732,
      "v_um": 3067.75739859474
    },
    "280r": {
      "u_um": -1856.2824334821466,
      "v_um": 3377.7342631894803
    },
    "290r": {
      "u_um": -1852.4951632232198,
      "v_um": 3687.7111277842205
    },
    "300r": {
      "u_um": -1848.7078929642933,
      "v_um": 3997.68799237896
    },
    "260t": {
      "u_um": -1868.708034,
      "v_um": 4102.687953
    },
    "270t": {
      "u_um": -1558.7311694052598,
      "v_um": 4098.900682741073
    },
    "280t": {
      "u_um": -1248.75430481052,
      "v_um": 4095.1134124821465
    },
    "290t": {
      "u_um": -938.7774402157797,
      "v_um": 4091.32614222322
    },
    "300t": {
      "u_um": -628.8005756210396,
      "v_um": 4087.5388719642933
    }
  },
  "chip_name": "MDM3.4"
}