{
  "angle_deg": 1.85,
  "center_u_um": -1029.170046,
  "center_v_um": 2085.015333,
  "shift_x_factor": 20.0,
  "shift_y_factor": 20.0,
  "chip_inverted": false,
  "coupx_move_um": 30.0,
  "coupy_move_um": 30.0,
  "center_from_label_dU_um": -100.0,
  "center_from_label_dV_um": 95.0,
  "coupon_labels": {
    "A1": {
      "u_um": -1490.11742,
      "v_um": 771.271173
    },
    "A2": {
      "u_um": -890.4301587637851,
      "v_um": 790.6409616154647
    },
    "A3": {
      "u_um": -290.7428975275702,
      "v_um": 810.0107502309294
    },
    "A4": {
      "u_um": 308.9443637086447,
      "v_um": 829.3805388463941
    },
    "A5": {
      "u_um": 908.6316249448596,
      "v_um": 848.7503274618588
    },
    "A6": {
      "u_um": 1508.3188861810745,
      "v_um": 868.1201160773235
    },
    "B1": {
      "u_um": -1509.4872086154646,
      "v_um": 1370.958434236215
    },
    "B2": {
      "u_um": -909.7999473792498,
      "v_um": 1390.3282228516796
    },
    "B3": {
      "u_um": -310.1126861430349,
      "v_um": 1409.6980114671442
    },
    "B4": {
      "u_um": 289.57457509318,
      "v_um": 1429.067800082609
    },
    "B5": {
      "u_um": 889.2618363293949,
      "v_um": 1448.4375886980738
    },
    "B6": {
      "u_um": 1488.94909756561,
      "v_um": 1467.8073773135384
    },
    "C1": {
      "u_um": -1528.8569972309294,
      "v_um": 1970.64569547243
    },
    "C2": {
      "u_um": -929.1697359947145,
      "v_um": 1990.0154840878945
    },
    "C3": {
      "u_um": -329.4824747584996,
      "v_um": 2009.385272703359
    },
    "C4": {
      "u_um": 270.2047864777153,
      "v_um": 2028.755061318824
    },
    "C5": {
      "u_um": 869.8920477139302,
      "v_um": 2048.1248499342887
    },
    "C6": {
      "u_um": 1469.579308950145,
      "v_um": 2067.4946385497533
    },
    "D1": {
      "u_um": -1548.226785846394,
      "v_um": 2570.332956708645
    },
    "D2": {
      "u_um": -948.5395246101792,
      "v_um": 2589.7027453241094
    },
    "D3": {
      "u_um": -348.8522633739643,
      "v_um": 2609.072533939574
    },
    "D4": {
      "u_um": 250.83499786225062,
      "v_um": 2628.442322555039
    },
    "D5": {
      "u_um": 850.5222590984655,
      "v_um": 2647.8121111705036
    },
    "D6": {
      "u_um": 1450.2095203346805,
      "v_um": 2667.181899785968
    },
    "E1": {
      "u_um": -1567.5965744618588,
      "v_um": 3170.0202179448597
    },
    "E2": {
      "u_um": -967.9093132256439,
      "v_um": 3189.3900065603243
    },
    "E3": {
      "u_um": -368.222051989429,
      "v_um": 3208.759795175789
    },
    "E4": {
      "u_um": 231.46520924678592,
      "v_um": 3228.129583791254
    },
    "E5": {
      "u_um": 831.1524704830008,
      "v_um": 3247.4993724067185
    },
    "E6": {
      "u_um": 1430.8397317192157,
      "v_um": 3266.869161022183
    }
  },
  "chip_name": "MDM4.1"
}