{
  "angle_deg": -2.3,
  "center_u_um": 1696.8633599999998,
  "center_v_um": 1710.2343469999998,
  "shift_x_factor": 5.0,
  "shift_y_factor": 5.43,
  "chip_name": "TO4.16"
}